time	chordName	chordKey	chordMode	chordNotes
0.000	F	5	1	[1, 0, 0, 0, 0, 1, 0, 0, 0, 1, 0, 0]
3.529	F	5	1	[1, 0, 0, 0, 0, 1, 0, 0, 0, 1, 0, 0]
3.669	F	5	1	[1, 0, 0, 0, 0, 1, 0, 0, 0, 1, 0, 0]
5.317	Am	9	0	[1, 0, 0, 0, 1, 0, 0, 0, 0, 1, 0, 0]
10.797	Bb	10	1	[0, 0, 1, 0, 0, 1, 0, 0, 0, 0, 1, 0]
14.118	Bb	10	1	[0, 0, 1, 0, 0, 1, 0, 0, 0, 0, 1, 0]
14.187	A	9	1	[0, 1, 0, 0, 1, 0, 0, 0, 0, 1, 0, 0]
14.303	Dm	2	0	[0, 0, 1, 0, 0, 1, 0, 0, 0, 1, 0, 0]
14.559	Ebm	3	0	[0, 0, 0, 1, 0, 0, 1, 0, 0, 0, 1, 0]
14.698	Dm	2	0	[0, 0, 1, 0, 0, 1, 0, 0, 0, 1, 0, 0]
14.814	Dm	2	0	[0, 0, 1, 0, 0, 1, 0, 0, 0, 1, 0, 0]
15.047	F	5	1	[1, 0, 0, 0, 0, 1, 0, 0, 0, 1, 0, 0]
15.070	Dm	2	0	[0, 0, 1, 0, 0, 1, 0, 0, 0, 1, 0, 0]
15.256	Dm	2	0	[0, 0, 1, 0, 0, 1, 0, 0, 0, 1, 0, 0]
15.395	Dm	2	0	[0, 0, 1, 0, 0, 1, 0, 0, 0, 1, 0, 0]
15.488	F	5	1	[1, 0, 0, 0, 0, 1, 0, 0, 0, 1, 0, 0]
15.534	F	5	1	[1, 0, 0, 0, 0, 1, 0, 0, 0, 1, 0, 0]
15.859	Bb	10	1	[0, 0, 1, 0, 0, 1, 0, 0, 0, 0, 1, 0]
15.929	Dm	2	0	[0, 0, 1, 0, 0, 1, 0, 0, 0, 1, 0, 0]
15.999	E	4	1	[0, 0, 0, 0, 1, 0, 0, 0, 1, 0, 0, 1]
16.254	E	4	1	[0, 0, 0, 0, 1, 0, 0, 0, 1, 0, 0, 1]
16.347	E	4	1	[0, 0, 0, 0, 1, 0, 0, 0, 1, 0, 0, 1]
16.625	E	4	1	[0, 0, 0, 0, 1, 0, 0, 0, 1, 0, 0, 1]
16.742	C	0	1	[1, 0, 0, 0, 1, 0, 0, 1, 0, 0, 0, 0]
16.811	Am	9	0	[1, 0, 0, 0, 1, 0, 0, 0, 0, 1, 0, 0]
17.694	F	5	1	[1, 0, 0, 0, 0, 1, 0, 0, 0, 1, 0, 0]
17.740	F#m	6	0	[0, 1, 0, 0, 0, 0, 1, 0, 0, 1, 0, 0]
17.903	Bb	10	1	[0, 0, 1, 0, 0, 1, 0, 0, 0, 0, 1, 0]
17.972	Am	9	0	[1, 0, 0, 0, 1, 0, 0, 0, 0, 1, 0, 0]
18.135	Dm	2	0	[0, 0, 1, 0, 0, 1, 0, 0, 0, 1, 0, 0]
18.390	Dm	2	0	[0, 0, 1, 0, 0, 1, 0, 0, 0, 1, 0, 0]
18.483	Gm	7	0	[0, 0, 1, 0, 0, 0, 0, 1, 0, 0, 1, 0]
18.553	Gm	7	0	[0, 0, 1, 0, 0, 0, 0, 1, 0, 0, 1, 0]
18.692	Cm	0	0	[1, 0, 0, 1, 0, 0, 0, 1, 0, 0, 0, 0]
18.971	Bb	10	1	[0, 0, 1, 0, 0, 1, 0, 0, 0, 0, 1, 0]
19.040	F	5	1	[1, 0, 0, 0, 0, 1, 0, 0, 0, 1, 0, 0]
19.342	F	5	1	[1, 0, 0, 0, 0, 1, 0, 0, 0, 1, 0, 0]
19.505	Bb	10	1	[0, 0, 1, 0, 0, 1, 0, 0, 0, 0, 1, 0]
19.644	Bb	10	1	[0, 0, 1, 0, 0, 1, 0, 0, 0, 0, 1, 0]
19.783	C	0	1	[1, 0, 0, 0, 1, 0, 0, 1, 0, 0, 0, 0]
19.992	Am	9	0	[1, 0, 0, 0, 1, 0, 0, 0, 0, 1, 0, 0]
20.225	Bb	10	1	[0, 0, 1, 0, 0, 1, 0, 0, 0, 0, 1, 0]
20.457	Bb	10	1	[0, 0, 1, 0, 0, 1, 0, 0, 0, 0, 1, 0]
20.666	Bb	10	1	[0, 0, 1, 0, 0, 1, 0, 0, 0, 0, 1, 0]
20.828	Bb	10	1	[0, 0, 1, 0, 0, 1, 0, 0, 0, 0, 1, 0]
21.153	Abm	8	0	[0, 0, 0, 1, 0, 0, 0, 0, 1, 0, 0, 1]
21.269	A	9	1	[0, 1, 0, 0, 1, 0, 0, 0, 0, 1, 0, 0]
21.386	Dm	2	0	[0, 0, 1, 0, 0, 1, 0, 0, 0, 1, 0, 0]
21.478	C#	1	1	[0, 1, 0, 0, 0, 1, 0, 0, 1, 0, 0, 0]
21.595	Dm	2	0	[0, 0, 1, 0, 0, 1, 0, 0, 0, 1, 0, 0]
21.757	Dm	2	0	[0, 0, 1, 0, 0, 1, 0, 0, 0, 1, 0, 0]
22.013	Dm	2	0	[0, 0, 1, 0, 0, 1, 0, 0, 0, 1, 0, 0]
22.129	Dm	2	0	[0, 0, 1, 0, 0, 1, 0, 0, 0, 1, 0, 0]
22.314	Dm	2	0	[0, 0, 1, 0, 0, 1, 0, 0, 0, 1, 0, 0]
22.454	Dm	2	0	[0, 0, 1, 0, 0, 1, 0, 0, 0, 1, 0, 0]
22.570	Dm	2	0	[0, 0, 1, 0, 0, 1, 0, 0, 0, 1, 0, 0]
22.802	Em	4	0	[0, 0, 0, 0, 1, 0, 0, 1, 0, 0, 0, 1]
23.011	Em	4	0	[0, 0, 0, 0, 1, 0, 0, 1, 0, 0, 0, 1]
23.174	Em	4	0	[0, 0, 0, 0, 1, 0, 0, 1, 0, 0, 0, 1]
23.359	Em	4	0	[0, 0, 0, 0, 1, 0, 0, 1, 0, 0, 0, 1]
23.615	Em	4	0	[0, 0, 0, 0, 1, 0, 0, 1, 0, 0, 0, 1]
23.824	D	2	1	[0, 0, 1, 0, 0, 0, 1, 0, 0, 1, 0, 0]
23.940	C#	1	1	[0, 1, 0, 0, 0, 1, 0, 0, 1, 0, 0, 0]
24.102	Fm	5	0	[1, 0, 0, 0, 0, 1, 0, 0, 1, 0, 0, 0]
24.358	F	5	1	[1, 0, 0, 0, 0, 1, 0, 0, 0, 1, 0, 0]
24.567	Dm	2	0	[0, 0, 1, 0, 0, 1, 0, 0, 0, 1, 0, 0]
24.776	Cm	0	0	[1, 0, 0, 1, 0, 0, 0, 1, 0, 0, 0, 0]
24.985	Ab	8	1	[1, 0, 0, 1, 0, 0, 0, 0, 1, 0, 0, 0]
25.217	Ab	8	1	[1, 0, 0, 1, 0, 0, 0, 0, 1, 0, 0, 0]
25.449	Dm	2	0	[0, 0, 1, 0, 0, 1, 0, 0, 0, 1, 0, 0]
25.612	F	5	1	[1, 0, 0, 0, 0, 1, 0, 0, 0, 1, 0, 0]
25.658	Dm	2	0	[0, 0, 1, 0, 0, 1, 0, 0, 0, 1, 0, 0]
25.751	B	11	1	[0, 0, 0, 1, 0, 0, 1, 0, 0, 0, 0, 1]
25.867	Eb	3	1	[0, 0, 0, 1, 0, 0, 0, 1, 0, 0, 1, 0]
26.076	Eb	3	1	[0, 0, 0, 1, 0, 0, 0, 1, 0, 0, 1, 0]
26.215	Eb	3	1	[0, 0, 0, 1, 0, 0, 0, 1, 0, 0, 1, 0]
27.005	Ebm	3	0	[0, 0, 0, 1, 0, 0, 1, 0, 0, 0, 1, 0]
27.353	Dm	2	0	[0, 0, 1, 0, 0, 1, 0, 0, 0, 1, 0, 0]
27.446	Bb	10	1	[0, 0, 1, 0, 0, 1, 0, 0, 0, 0, 1, 0]
27.516	Eb	3	1	[0, 0, 0, 1, 0, 0, 0, 1, 0, 0, 1, 0]
27.678	Dm	2	0	[0, 0, 1, 0, 0, 1, 0, 0, 0, 1, 0, 0]
27.771	Eb	3	1	[0, 0, 0, 1, 0, 0, 0, 1, 0, 0, 1, 0]
27.934	Eb	3	1	[0, 0, 0, 1, 0, 0, 0, 1, 0, 0, 1, 0]
28.282	Dm	2	0	[0, 0, 1, 0, 0, 1, 0, 0, 0, 1, 0, 0]
28.375	Dm	2	0	[0, 0, 1, 0, 0, 1, 0, 0, 0, 1, 0, 0]
28.584	Dm	2	0	[0, 0, 1, 0, 0, 1, 0, 0, 0, 1, 0, 0]
28.793	Ab	8	1	[1, 0, 0, 1, 0, 0, 0, 0, 1, 0, 0, 0]
28.979	Dm	2	0	[0, 0, 1, 0, 0, 1, 0, 0, 0, 1, 0, 0]
29.211	Dm	2	0	[0, 0, 1, 0, 0, 1, 0, 0, 0, 1, 0, 0]
29.396	Dm	2	0	[0, 0, 1, 0, 0, 1, 0, 0, 0, 1, 0, 0]
29.513	Dm	2	0	[0, 0, 1, 0, 0, 1, 0, 0, 0, 1, 0, 0]
29.745	Dm	2	0	[0, 0, 1, 0, 0, 1, 0, 0, 0, 1, 0, 0]
29.931	Dm	2	0	[0, 0, 1, 0, 0, 1, 0, 0, 0, 1, 0, 0]
30.093	Bb	10	1	[0, 0, 1, 0, 0, 1, 0, 0, 0, 0, 1, 0]
30.163	Em	4	0	[0, 0, 0, 0, 1, 0, 0, 1, 0, 0, 0, 1]
30.418	Em	4	0	[0, 0, 0, 0, 1, 0, 0, 1, 0, 0, 0, 1]
30.720	E	4	1	[0, 0, 0, 0, 1, 0, 0, 0, 1, 0, 0, 1]
30.883	Em	4	0	[0, 0, 0, 0, 1, 0, 0, 1, 0, 0, 0, 1]
31.022	C	0	1	[1, 0, 0, 0, 1, 0, 0, 1, 0, 0, 0, 0]
31.115	F	5	1	[1, 0, 0, 0, 0, 1, 0, 0, 0, 1, 0, 0]
31.254	C	0	1	[1, 0, 0, 0, 1, 0, 0, 1, 0, 0, 0, 0]
31.347	C	0	1	[1, 0, 0, 0, 1, 0, 0, 1, 0, 0, 0, 0]
31.858	F	5	1	[1, 0, 0, 0, 0, 1, 0, 0, 0, 1, 0, 0]
31.904	F	5	1	[1, 0, 0, 0, 0, 1, 0, 0, 0, 1, 0, 0]
32.044	F	5	1	[1, 0, 0, 0, 0, 1, 0, 0, 0, 1, 0, 0]
32.253	E	4	1	[0, 0, 0, 0, 1, 0, 0, 0, 1, 0, 0, 1]
32.392	Dm	2	0	[0, 0, 1, 0, 0, 1, 0, 0, 0, 1, 0, 0]
32.694	Dm	2	0	[0, 0, 1, 0, 0, 1, 0, 0, 0, 1, 0, 0]
32.717	Dm	2	0	[0, 0, 1, 0, 0, 1, 0, 0, 0, 1, 0, 0]
33.019	F	5	1	[1, 0, 0, 0, 0, 1, 0, 0, 0, 1, 0, 0]
33.065	Am	9	0	[1, 0, 0, 0, 1, 0, 0, 0, 0, 1, 0, 0]
33.228	Dm	2	0	[0, 0, 1, 0, 0, 1, 0, 0, 0, 1, 0, 0]
33.297	Dm	2	0	[0, 0, 1, 0, 0, 1, 0, 0, 0, 1, 0, 0]
33.622	F	5	1	[1, 0, 0, 0, 0, 1, 0, 0, 0, 1, 0, 0]
33.669	Eb	3	1	[0, 0, 0, 1, 0, 0, 0, 1, 0, 0, 1, 0]
33.831	Bb	10	1	[0, 0, 1, 0, 0, 1, 0, 0, 0, 0, 1, 0]
33.901	Em	4	0	[0, 0, 0, 0, 1, 0, 0, 1, 0, 0, 0, 1]
34.180	Em	4	0	[0, 0, 0, 0, 1, 0, 0, 1, 0, 0, 0, 1]
34.342	A	9	1	[0, 1, 0, 0, 1, 0, 0, 0, 0, 1, 0, 0]
34.644	Bb	10	1	[0, 0, 1, 0, 0, 1, 0, 0, 0, 0, 1, 0]
34.807	Bb	10	1	[0, 0, 1, 0, 0, 1, 0, 0, 0, 0, 1, 0]
35.016	Bb	10	1	[0, 0, 1, 0, 0, 1, 0, 0, 0, 0, 1, 0]
35.364	Bb	10	1	[0, 0, 1, 0, 0, 1, 0, 0, 0, 0, 1, 0]
35.434	Bb	10	1	[0, 0, 1, 0, 0, 1, 0, 0, 0, 0, 1, 0]
35.573	Dm	2	0	[0, 0, 1, 0, 0, 1, 0, 0, 0, 1, 0, 0]
35.805	F	5	1	[1, 0, 0, 0, 0, 1, 0, 0, 0, 1, 0, 0]
35.852	Am	9	0	[1, 0, 0, 0, 1, 0, 0, 0, 0, 1, 0, 0]
36.130	F	5	1	[1, 0, 0, 0, 0, 1, 0, 0, 0, 1, 0, 0]
36.200	Bm	11	0	[0, 0, 1, 0, 0, 0, 1, 0, 0, 0, 0, 1]
36.316	Dm	2	0	[0, 0, 1, 0, 0, 1, 0, 0, 0, 1, 0, 0]
36.455	Dm	2	0	[0, 0, 1, 0, 0, 1, 0, 0, 0, 1, 0, 0]
36.688	Dm	2	0	[0, 0, 1, 0, 0, 1, 0, 0, 0, 1, 0, 0]
36.989	Bb	10	1	[0, 0, 1, 0, 0, 1, 0, 0, 0, 0, 1, 0]
37.129	E	4	1	[0, 0, 0, 0, 1, 0, 0, 0, 1, 0, 0, 1]
37.245	Em	4	0	[0, 0, 0, 0, 1, 0, 0, 1, 0, 0, 0, 1]
37.523	Em	4	0	[0, 0, 0, 0, 1, 0, 0, 1, 0, 0, 0, 1]
37.686	Em	4	0	[0, 0, 0, 0, 1, 0, 0, 1, 0, 0, 0, 1]
37.756	E	4	1	[0, 0, 0, 0, 1, 0, 0, 0, 1, 0, 0, 1]
38.034	C	0	1	[1, 0, 0, 0, 1, 0, 0, 1, 0, 0, 0, 0]
38.127	Cm	0	0	[1, 0, 0, 1, 0, 0, 0, 1, 0, 0, 0, 0]
38.290	C	0	1	[1, 0, 0, 0, 1, 0, 0, 1, 0, 0, 0, 0]
38.522	F	5	1	[1, 0, 0, 0, 0, 1, 0, 0, 0, 1, 0, 0]
38.708	Bbm	10	0	[0, 1, 0, 0, 0, 1, 0, 0, 0, 0, 1, 0]
38.777	Dm	2	0	[0, 0, 1, 0, 0, 1, 0, 0, 0, 1, 0, 0]
38.940	Gm	7	0	[0, 0, 1, 0, 0, 0, 0, 1, 0, 0, 1, 0]
39.102	D	2	1	[0, 0, 1, 0, 0, 0, 1, 0, 0, 1, 0, 0]
39.219	Dm	2	0	[0, 0, 1, 0, 0, 1, 0, 0, 0, 1, 0, 0]
39.404	Dm	2	0	[0, 0, 1, 0, 0, 1, 0, 0, 0, 1, 0, 0]
39.636	Gm	7	0	[0, 0, 1, 0, 0, 0, 0, 1, 0, 0, 1, 0]
39.776	Bb	10	1	[0, 0, 1, 0, 0, 1, 0, 0, 0, 0, 1, 0]
39.845	Gm	7	0	[0, 0, 1, 0, 0, 0, 0, 1, 0, 0, 1, 0]
39.985	Gm	7	0	[0, 0, 1, 0, 0, 0, 0, 1, 0, 0, 1, 0]
40.147	Eb	3	1	[0, 0, 0, 1, 0, 0, 0, 1, 0, 0, 1, 0]
40.496	Eb	3	1	[0, 0, 0, 1, 0, 0, 0, 1, 0, 0, 1, 0]
40.658	Eb	3	1	[0, 0, 0, 1, 0, 0, 0, 1, 0, 0, 1, 0]
41.169	Bb	10	1	[0, 0, 1, 0, 0, 1, 0, 0, 0, 0, 1, 0]
41.239	Bb	10	1	[0, 0, 1, 0, 0, 1, 0, 0, 0, 0, 1, 0]
41.424	Eb	3	1	[0, 0, 0, 1, 0, 0, 0, 1, 0, 0, 1, 0]
41.564	Gm	7	0	[0, 0, 1, 0, 0, 0, 0, 1, 0, 0, 1, 0]
41.726	G	7	1	[0, 0, 1, 0, 0, 0, 0, 1, 0, 0, 0, 1]
41.866	F	5	1	[1, 0, 0, 0, 0, 1, 0, 0, 0, 1, 0, 0]
42.075	C	0	1	[1, 0, 0, 0, 1, 0, 0, 1, 0, 0, 0, 0]
42.167	Em	4	0	[0, 0, 0, 0, 1, 0, 0, 1, 0, 0, 0, 1]
42.376	C#	1	1	[0, 1, 0, 0, 0, 1, 0, 0, 1, 0, 0, 0]
42.493	F	5	1	[1, 0, 0, 0, 0, 1, 0, 0, 0, 1, 0, 0]
42.632	Bb	10	1	[0, 0, 1, 0, 0, 1, 0, 0, 0, 0, 1, 0]
42.701	F	5	1	[1, 0, 0, 0, 0, 1, 0, 0, 0, 1, 0, 0]
42.934	F	5	1	[1, 0, 0, 0, 0, 1, 0, 0, 0, 1, 0, 0]
43.282	F	5	1	[1, 0, 0, 0, 0, 1, 0, 0, 0, 1, 0, 0]
43.421	F	5	1	[1, 0, 0, 0, 0, 1, 0, 0, 0, 1, 0, 0]
43.514	F	5	1	[1, 0, 0, 0, 0, 1, 0, 0, 0, 1, 0, 0]
43.723	Dm	2	0	[0, 0, 1, 0, 0, 1, 0, 0, 0, 1, 0, 0]
43.909	Dm	2	0	[0, 0, 1, 0, 0, 1, 0, 0, 0, 1, 0, 0]
44.071	Dm	2	0	[0, 0, 1, 0, 0, 1, 0, 0, 0, 1, 0, 0]
44.280	Dm	2	0	[0, 0, 1, 0, 0, 1, 0, 0, 0, 1, 0, 0]
44.536	F	5	1	[1, 0, 0, 0, 0, 1, 0, 0, 0, 1, 0, 0]
44.745	F	5	1	[1, 0, 0, 0, 0, 1, 0, 0, 0, 1, 0, 0]
44.907	F	5	1	[1, 0, 0, 0, 0, 1, 0, 0, 0, 1, 0, 0]
45.116	F	5	1	[1, 0, 0, 0, 0, 1, 0, 0, 0, 1, 0, 0]
45.140	C	0	1	[1, 0, 0, 0, 1, 0, 0, 1, 0, 0, 0, 0]
45.256	C	0	1	[1, 0, 0, 0, 1, 0, 0, 1, 0, 0, 0, 0]
45.372	F	5	1	[1, 0, 0, 0, 0, 1, 0, 0, 0, 1, 0, 0]
46.022	F	5	1	[1, 0, 0, 0, 0, 1, 0, 0, 0, 1, 0, 0]
46.138	F	5	1	[1, 0, 0, 0, 0, 1, 0, 0, 0, 1, 0, 0]
46.347	C#	1	1	[0, 1, 0, 0, 0, 1, 0, 0, 1, 0, 0, 0]
46.463	F	5	1	[1, 0, 0, 0, 0, 1, 0, 0, 0, 1, 0, 0]
46.649	Dm	2	0	[0, 0, 1, 0, 0, 1, 0, 0, 0, 1, 0, 0]
46.928	Dm	2	0	[0, 0, 1, 0, 0, 1, 0, 0, 0, 1, 0, 0]
47.137	Dm	2	0	[0, 0, 1, 0, 0, 1, 0, 0, 0, 1, 0, 0]
47.392	Gm	7	0	[0, 0, 1, 0, 0, 0, 0, 1, 0, 0, 1, 0]
47.485	Am	9	0	[1, 0, 0, 0, 1, 0, 0, 0, 0, 1, 0, 0]
47.787	Gm	7	0	[0, 0, 1, 0, 0, 0, 0, 1, 0, 0, 1, 0]
47.972	Bb	10	1	[0, 0, 1, 0, 0, 1, 0, 0, 0, 0, 1, 0]
48.112	F	5	1	[1, 0, 0, 0, 0, 1, 0, 0, 0, 1, 0, 0]
48.344	C	0	1	[1, 0, 0, 0, 1, 0, 0, 1, 0, 0, 0, 0]
48.437	Gm	7	0	[0, 0, 1, 0, 0, 0, 0, 1, 0, 0, 1, 0]
48.715	Gm	7	0	[0, 0, 1, 0, 0, 0, 0, 1, 0, 0, 1, 0]
48.762	Bb	10	1	[0, 0, 1, 0, 0, 1, 0, 0, 0, 0, 1, 0]
48.901	Bb	10	1	[0, 0, 1, 0, 0, 1, 0, 0, 0, 0, 1, 0]
49.041	Bb	10	1	[0, 0, 1, 0, 0, 1, 0, 0, 0, 0, 1, 0]
49.203	Bb	10	1	[0, 0, 1, 0, 0, 1, 0, 0, 0, 0, 1, 0]
49.482	F	5	1	[1, 0, 0, 0, 0, 1, 0, 0, 0, 1, 0, 0]
49.691	Dm	2	0	[0, 0, 1, 0, 0, 1, 0, 0, 0, 1, 0, 0]
49.900	Dm	2	0	[0, 0, 1, 0, 0, 1, 0, 0, 0, 1, 0, 0]
50.039	Dm	2	0	[0, 0, 1, 0, 0, 1, 0, 0, 0, 1, 0, 0]
50.271	Am	9	0	[1, 0, 0, 0, 1, 0, 0, 0, 0, 1, 0, 0]
50.434	Am	9	0	[1, 0, 0, 0, 1, 0, 0, 0, 0, 1, 0, 0]
50.689	Am	9	0	[1, 0, 0, 0, 1, 0, 0, 0, 0, 1, 0, 0]
50.921	Dm	2	0	[0, 0, 1, 0, 0, 1, 0, 0, 0, 1, 0, 0]
50.991	D	2	1	[0, 0, 1, 0, 0, 0, 1, 0, 0, 1, 0, 0]
51.130	G	7	1	[0, 0, 1, 0, 0, 0, 0, 1, 0, 0, 0, 1]
51.339	G	7	1	[0, 0, 1, 0, 0, 0, 0, 1, 0, 0, 0, 1]
51.618	G	7	1	[0, 0, 1, 0, 0, 0, 0, 1, 0, 0, 0, 1]
51.757	G	7	1	[0, 0, 1, 0, 0, 0, 0, 1, 0, 0, 0, 1]
51.966	C	0	1	[1, 0, 0, 0, 1, 0, 0, 1, 0, 0, 0, 0]
52.198	C	0	1	[1, 0, 0, 0, 1, 0, 0, 1, 0, 0, 0, 0]
52.291	G	7	1	[0, 0, 1, 0, 0, 0, 0, 1, 0, 0, 0, 1]
52.361	C	0	1	[1, 0, 0, 0, 1, 0, 0, 1, 0, 0, 0, 0]
52.663	F#	6	1	[0, 1, 0, 0, 0, 0, 1, 0, 0, 0, 1, 0]
52.733	C	0	1	[1, 0, 0, 0, 1, 0, 0, 1, 0, 0, 0, 0]
52.825	C	0	1	[1, 0, 0, 0, 1, 0, 0, 1, 0, 0, 0, 0]
53.127	Gm	7	0	[0, 0, 1, 0, 0, 0, 0, 1, 0, 0, 1, 0]
53.197	Fm	5	0	[1, 0, 0, 0, 0, 1, 0, 0, 1, 0, 0, 0]
53.406	F	5	1	[1, 0, 0, 0, 0, 1, 0, 0, 0, 1, 0, 0]
53.499	F	5	1	[1, 0, 0, 0, 0, 1, 0, 0, 0, 1, 0, 0]
53.824	Gm	7	0	[0, 0, 1, 0, 0, 0, 0, 1, 0, 0, 1, 0]
54.033	Dm	2	0	[0, 0, 1, 0, 0, 1, 0, 0, 0, 1, 0, 0]
54.079	Gm	7	0	[0, 0, 1, 0, 0, 0, 0, 1, 0, 0, 1, 0]
54.404	F	5	1	[1, 0, 0, 0, 0, 1, 0, 0, 0, 1, 0, 0]
54.451	Cm	0	0	[1, 0, 0, 1, 0, 0, 0, 1, 0, 0, 0, 0]
54.683	Gm	7	0	[0, 0, 1, 0, 0, 0, 0, 1, 0, 0, 1, 0]
54.846	Gm	7	0	[0, 0, 1, 0, 0, 0, 0, 1, 0, 0, 1, 0]
54.915	Gm	7	0	[0, 0, 1, 0, 0, 0, 0, 1, 0, 0, 1, 0]
55.124	Eb	3	1	[0, 0, 0, 1, 0, 0, 0, 1, 0, 0, 1, 0]
55.449	Eb	3	1	[0, 0, 0, 1, 0, 0, 0, 1, 0, 0, 1, 0]
55.774	F#	6	1	[0, 1, 0, 0, 0, 0, 1, 0, 0, 0, 1, 0]
55.867	F#	6	1	[0, 1, 0, 0, 0, 0, 1, 0, 0, 0, 1, 0]
56.123	Bb	10	1	[0, 0, 1, 0, 0, 1, 0, 0, 0, 0, 1, 0]
56.378	Gm	7	0	[0, 0, 1, 0, 0, 0, 0, 1, 0, 0, 1, 0]
56.424	G	7	1	[0, 0, 1, 0, 0, 0, 0, 1, 0, 0, 0, 1]
56.703	F	5	1	[1, 0, 0, 0, 0, 1, 0, 0, 0, 1, 0, 0]
56.819	Dm	2	0	[0, 0, 1, 0, 0, 1, 0, 0, 0, 1, 0, 0]
56.959	Dm	2	0	[0, 0, 1, 0, 0, 1, 0, 0, 0, 1, 0, 0]
57.121	F	5	1	[1, 0, 0, 0, 0, 1, 0, 0, 0, 1, 0, 0]
57.330	F	5	1	[1, 0, 0, 0, 0, 1, 0, 0, 0, 1, 0, 0]
57.493	Dm	2	0	[0, 0, 1, 0, 0, 1, 0, 0, 0, 1, 0, 0]
57.609	Dm	2	0	[0, 0, 1, 0, 0, 1, 0, 0, 0, 1, 0, 0]
57.887	Dm	2	0	[0, 0, 1, 0, 0, 1, 0, 0, 0, 1, 0, 0]
58.096	Dm	2	0	[0, 0, 1, 0, 0, 1, 0, 0, 0, 1, 0, 0]
58.143	Dm	2	0	[0, 0, 1, 0, 0, 1, 0, 0, 0, 1, 0, 0]
58.421	Dm	2	0	[0, 0, 1, 0, 0, 1, 0, 0, 0, 1, 0, 0]
58.584	F	5	1	[1, 0, 0, 0, 0, 1, 0, 0, 0, 1, 0, 0]
58.886	Dm	2	0	[0, 0, 1, 0, 0, 1, 0, 0, 0, 1, 0, 0]
59.025	B	11	1	[0, 0, 0, 1, 0, 0, 1, 0, 0, 0, 0, 1]
59.141	C	0	1	[1, 0, 0, 0, 1, 0, 0, 1, 0, 0, 0, 0]
59.397	C	0	1	[1, 0, 0, 0, 1, 0, 0, 1, 0, 0, 0, 0]
59.443	C	0	1	[1, 0, 0, 0, 1, 0, 0, 1, 0, 0, 0, 0]
59.606	C	0	1	[1, 0, 0, 0, 1, 0, 0, 1, 0, 0, 0, 0]
60.070	C	0	1	[1, 0, 0, 0, 1, 0, 0, 1, 0, 0, 0, 0]
60.209	F	5	1	[1, 0, 0, 0, 0, 1, 0, 0, 0, 1, 0, 0]
60.372	F	5	1	[1, 0, 0, 0, 0, 1, 0, 0, 0, 1, 0, 0]
60.465	F	5	1	[1, 0, 0, 0, 0, 1, 0, 0, 0, 1, 0, 0]
60.720	E	4	1	[0, 0, 0, 0, 1, 0, 0, 0, 1, 0, 0, 1]
60.836	Dm	2	0	[0, 0, 1, 0, 0, 1, 0, 0, 0, 1, 0, 0]
61.092	Dm	2	0	[0, 0, 1, 0, 0, 1, 0, 0, 0, 1, 0, 0]
61.185	Dm	2	0	[0, 0, 1, 0, 0, 1, 0, 0, 0, 1, 0, 0]
61.440	Bb	10	1	[0, 0, 1, 0, 0, 1, 0, 0, 0, 0, 1, 0]
61.510	F	5	1	[1, 0, 0, 0, 0, 1, 0, 0, 0, 1, 0, 0]
61.742	Am	9	0	[1, 0, 0, 0, 1, 0, 0, 0, 0, 1, 0, 0]
61.997	F	5	1	[1, 0, 0, 0, 0, 1, 0, 0, 0, 1, 0, 0]
62.229	Gm	7	0	[0, 0, 1, 0, 0, 0, 0, 1, 0, 0, 1, 0]
62.369	F	5	1	[1, 0, 0, 0, 0, 1, 0, 0, 0, 1, 0, 0]
62.601	F	5	1	[1, 0, 0, 0, 0, 1, 0, 0, 0, 1, 0, 0]
62.880	F	5	1	[1, 0, 0, 0, 0, 1, 0, 0, 0, 1, 0, 0]
62.973	Bb	10	1	[0, 0, 1, 0, 0, 1, 0, 0, 0, 0, 1, 0]
63.042	Bb	10	1	[0, 0, 1, 0, 0, 1, 0, 0, 0, 0, 1, 0]
63.576	F	5	1	[1, 0, 0, 0, 0, 1, 0, 0, 0, 1, 0, 0]
63.623	Fm	5	0	[1, 0, 0, 0, 0, 1, 0, 0, 1, 0, 0, 0]
63.785	F	5	1	[1, 0, 0, 0, 0, 1, 0, 0, 0, 1, 0, 0]
63.901	Am	9	0	[1, 0, 0, 0, 1, 0, 0, 0, 0, 1, 0, 0]
64.087	Dm	2	0	[0, 0, 1, 0, 0, 1, 0, 0, 0, 1, 0, 0]
64.180	Dm	2	0	[0, 0, 1, 0, 0, 1, 0, 0, 0, 1, 0, 0]
64.482	Am	9	0	[1, 0, 0, 0, 1, 0, 0, 0, 0, 1, 0, 0]
64.621	F	5	1	[1, 0, 0, 0, 0, 1, 0, 0, 0, 1, 0, 0]
64.644	Dm	2	0	[0, 0, 1, 0, 0, 1, 0, 0, 0, 1, 0, 0]
64.877	Am	9	0	[1, 0, 0, 0, 1, 0, 0, 0, 0, 1, 0, 0]
65.109	Dm	2	0	[0, 0, 1, 0, 0, 1, 0, 0, 0, 1, 0, 0]
65.341	Dm	2	0	[0, 0, 1, 0, 0, 1, 0, 0, 0, 1, 0, 0]
65.527	F	5	1	[1, 0, 0, 0, 0, 1, 0, 0, 0, 1, 0, 0]
65.573	G	7	1	[0, 0, 1, 0, 0, 0, 0, 1, 0, 0, 0, 1]
65.829	G	7	1	[0, 0, 1, 0, 0, 0, 0, 1, 0, 0, 0, 1]
66.038	G	7	1	[0, 0, 1, 0, 0, 0, 0, 1, 0, 0, 0, 1]
66.200	G	7	1	[0, 0, 1, 0, 0, 0, 0, 1, 0, 0, 0, 1]
66.339	F	5	1	[1, 0, 0, 0, 0, 1, 0, 0, 0, 1, 0, 0]
66.409	G	7	1	[0, 0, 1, 0, 0, 0, 0, 1, 0, 0, 0, 1]
66.548	C	0	1	[1, 0, 0, 0, 1, 0, 0, 1, 0, 0, 0, 0]
66.641	Cm	0	0	[1, 0, 0, 1, 0, 0, 0, 1, 0, 0, 0, 0]
66.873	Gm	7	0	[0, 0, 1, 0, 0, 0, 0, 1, 0, 0, 1, 0]
67.082	Dm	2	0	[0, 0, 1, 0, 0, 1, 0, 0, 0, 1, 0, 0]
67.268	Gm	7	0	[0, 0, 1, 0, 0, 0, 0, 1, 0, 0, 1, 0]
67.431	Gm	7	0	[0, 0, 1, 0, 0, 0, 0, 1, 0, 0, 1, 0]
67.733	Gm	7	0	[0, 0, 1, 0, 0, 0, 0, 1, 0, 0, 1, 0]
67.895	Gm	7	0	[0, 0, 1, 0, 0, 0, 0, 1, 0, 0, 1, 0]
68.197	Gm	7	0	[0, 0, 1, 0, 0, 0, 0, 1, 0, 0, 1, 0]
68.290	Eb	3	1	[0, 0, 0, 1, 0, 0, 0, 1, 0, 0, 1, 0]
68.917	Fm	5	0	[1, 0, 0, 0, 0, 1, 0, 0, 1, 0, 0, 0]
69.033	Cm	0	0	[1, 0, 0, 1, 0, 0, 0, 1, 0, 0, 0, 0]
69.590	Bb	10	1	[0, 0, 1, 0, 0, 1, 0, 0, 0, 0, 1, 0]
69.962	Cm	0	0	[1, 0, 0, 1, 0, 0, 0, 1, 0, 0, 0, 0]
70.821	Dm	2	0	[0, 0, 1, 0, 0, 1, 0, 0, 0, 1, 0, 0]
70.960	F	5	1	[1, 0, 0, 0, 0, 1, 0, 0, 0, 1, 0, 0]
71.053	Dm	2	0	[0, 0, 1, 0, 0, 1, 0, 0, 0, 1, 0, 0]
71.308	A	9	1	[0, 1, 0, 0, 1, 0, 0, 0, 0, 1, 0, 0]
71.471	F	5	1	[1, 0, 0, 0, 0, 1, 0, 0, 0, 1, 0, 0]
71.680	Dm	2	0	[0, 0, 1, 0, 0, 1, 0, 0, 0, 1, 0, 0]
71.935	Dm	2	0	[0, 0, 1, 0, 0, 1, 0, 0, 0, 1, 0, 0]
72.168	F	5	1	[1, 0, 0, 0, 0, 1, 0, 0, 0, 1, 0, 0]
72.353	Am	9	0	[1, 0, 0, 0, 1, 0, 0, 0, 0, 1, 0, 0]
72.586	Am	9	0	[1, 0, 0, 0, 1, 0, 0, 0, 0, 1, 0, 0]
72.841	C	0	1	[1, 0, 0, 0, 1, 0, 0, 1, 0, 0, 0, 0]
73.096	C	0	1	[1, 0, 0, 0, 1, 0, 0, 1, 0, 0, 0, 0]
73.259	Em	4	0	[0, 0, 0, 0, 1, 0, 0, 1, 0, 0, 0, 1]
73.421	C	0	1	[1, 0, 0, 0, 1, 0, 0, 1, 0, 0, 0, 0]
73.491	C	0	1	[1, 0, 0, 0, 1, 0, 0, 1, 0, 0, 0, 0]
73.723	F	5	1	[1, 0, 0, 0, 0, 1, 0, 0, 0, 1, 0, 0]
73.839	F	5	1	[1, 0, 0, 0, 0, 1, 0, 0, 0, 1, 0, 0]
73.979	F	5	1	[1, 0, 0, 0, 0, 1, 0, 0, 0, 1, 0, 0]
74.211	Cm	0	0	[1, 0, 0, 1, 0, 0, 0, 1, 0, 0, 0, 0]
74.350	E	4	1	[0, 0, 0, 0, 1, 0, 0, 0, 1, 0, 0, 1]
74.466	F	5	1	[1, 0, 0, 0, 0, 1, 0, 0, 0, 1, 0, 0]
74.629	F	5	1	[1, 0, 0, 0, 0, 1, 0, 0, 0, 1, 0, 0]
74.815	Am	9	0	[1, 0, 0, 0, 1, 0, 0, 0, 0, 1, 0, 0]
74.954	F	5	1	[1, 0, 0, 0, 0, 1, 0, 0, 0, 1, 0, 0]
74.977	Eb	3	1	[0, 0, 0, 1, 0, 0, 0, 1, 0, 0, 1, 0]
75.256	Dm	2	0	[0, 0, 1, 0, 0, 1, 0, 0, 0, 1, 0, 0]
75.372	Dm	2	0	[0, 0, 1, 0, 0, 1, 0, 0, 0, 1, 0, 0]
75.558	Dm	2	0	[0, 0, 1, 0, 0, 1, 0, 0, 0, 1, 0, 0]
75.767	Bb	10	1	[0, 0, 1, 0, 0, 1, 0, 0, 0, 0, 1, 0]
75.836	Bb	10	1	[0, 0, 1, 0, 0, 1, 0, 0, 0, 0, 1, 0]
75.906	Eb	3	1	[0, 0, 0, 1, 0, 0, 0, 1, 0, 0, 1, 0]
76.022	E	4	1	[0, 0, 0, 0, 1, 0, 0, 0, 1, 0, 0, 1]
76.231	Am	9	0	[1, 0, 0, 0, 1, 0, 0, 0, 0, 1, 0, 0]
76.324	Am	9	0	[1, 0, 0, 0, 1, 0, 0, 0, 0, 1, 0, 0]
76.510	Am	9	0	[1, 0, 0, 0, 1, 0, 0, 0, 0, 1, 0, 0]
76.603	E	4	1	[0, 0, 0, 0, 1, 0, 0, 0, 1, 0, 0, 1]
76.881	E	4	1	[0, 0, 0, 0, 1, 0, 0, 0, 1, 0, 0, 1]
77.021	Dm	2	0	[0, 0, 1, 0, 0, 1, 0, 0, 0, 1, 0, 0]
77.067	Bb	10	1	[0, 0, 1, 0, 0, 1, 0, 0, 0, 0, 1, 0]
77.322	Dm	2	0	[0, 0, 1, 0, 0, 1, 0, 0, 0, 1, 0, 0]
77.485	Bb	10	1	[0, 0, 1, 0, 0, 1, 0, 0, 0, 0, 1, 0]
77.926	Gm	7	0	[0, 0, 1, 0, 0, 0, 0, 1, 0, 0, 1, 0]
77.996	E	4	1	[0, 0, 0, 0, 1, 0, 0, 0, 1, 0, 0, 1]
78.112	F	5	1	[1, 0, 0, 0, 0, 1, 0, 0, 0, 1, 0, 0]
78.414	Dm	2	0	[0, 0, 1, 0, 0, 1, 0, 0, 0, 1, 0, 0]
78.553	Dm	2	0	[0, 0, 1, 0, 0, 1, 0, 0, 0, 1, 0, 0]
78.785	Dm	2	0	[0, 0, 1, 0, 0, 1, 0, 0, 0, 1, 0, 0]
79.018	Dm	2	0	[0, 0, 1, 0, 0, 1, 0, 0, 0, 1, 0, 0]
79.180	Dm	2	0	[0, 0, 1, 0, 0, 1, 0, 0, 0, 1, 0, 0]
79.435	Ebm	3	0	[0, 0, 0, 1, 0, 0, 1, 0, 0, 0, 1, 0]
79.668	C	0	1	[1, 0, 0, 0, 1, 0, 0, 1, 0, 0, 0, 0]
79.807	Em	4	0	[0, 0, 0, 0, 1, 0, 0, 1, 0, 0, 0, 1]
79.946	Em	4	0	[0, 0, 0, 0, 1, 0, 0, 1, 0, 0, 0, 1]
80.132	Em	4	0	[0, 0, 0, 0, 1, 0, 0, 1, 0, 0, 0, 1]
80.364	Dm	2	0	[0, 0, 1, 0, 0, 1, 0, 0, 0, 1, 0, 0]
80.504	Dm	2	0	[0, 0, 1, 0, 0, 1, 0, 0, 0, 1, 0, 0]
80.573	Dm	2	0	[0, 0, 1, 0, 0, 1, 0, 0, 0, 1, 0, 0]
80.689	C	0	1	[1, 0, 0, 0, 1, 0, 0, 1, 0, 0, 0, 0]
80.991	C	0	1	[1, 0, 0, 0, 1, 0, 0, 1, 0, 0, 0, 0]
81.131	G	7	1	[0, 0, 1, 0, 0, 0, 0, 1, 0, 0, 0, 1]
81.386	Eb	3	1	[0, 0, 0, 1, 0, 0, 0, 1, 0, 0, 1, 0]
81.688	Dm	2	0	[0, 0, 1, 0, 0, 1, 0, 0, 0, 1, 0, 0]
81.781	Cm	0	0	[1, 0, 0, 1, 0, 0, 0, 1, 0, 0, 0, 0]
81.920	Dm	2	0	[0, 0, 1, 0, 0, 1, 0, 0, 0, 1, 0, 0]
82.013	Eb	3	1	[0, 0, 0, 1, 0, 0, 0, 1, 0, 0, 1, 0]
82.268	F	5	1	[1, 0, 0, 0, 0, 1, 0, 0, 0, 1, 0, 0]
82.292	G	7	1	[0, 0, 1, 0, 0, 0, 0, 1, 0, 0, 0, 1]
82.408	Cm	0	0	[1, 0, 0, 1, 0, 0, 0, 1, 0, 0, 0, 0]
82.524	Eb	3	1	[0, 0, 0, 1, 0, 0, 0, 1, 0, 0, 1, 0]
82.779	B	11	1	[0, 0, 0, 1, 0, 0, 1, 0, 0, 0, 0, 1]
82.895	Eb	3	1	[0, 0, 0, 1, 0, 0, 0, 1, 0, 0, 1, 0]
83.104	Eb	3	1	[0, 0, 0, 1, 0, 0, 0, 1, 0, 0, 1, 0]
83.406	Bb	10	1	[0, 0, 1, 0, 0, 1, 0, 0, 0, 0, 1, 0]
83.476	Eb	3	1	[0, 0, 0, 1, 0, 0, 0, 1, 0, 0, 1, 0]
83.731	Bb	10	1	[0, 0, 1, 0, 0, 1, 0, 0, 0, 0, 1, 0]
83.801	Eb	3	1	[0, 0, 0, 1, 0, 0, 0, 1, 0, 0, 1, 0]
84.010	Eb	3	1	[0, 0, 0, 1, 0, 0, 0, 1, 0, 0, 1, 0]
84.335	Bb	10	1	[0, 0, 1, 0, 0, 1, 0, 0, 0, 0, 1, 0]
84.405	C	0	1	[1, 0, 0, 0, 1, 0, 0, 1, 0, 0, 0, 0]
84.497	Cm	0	0	[1, 0, 0, 1, 0, 0, 0, 1, 0, 0, 0, 0]
84.776	F	5	1	[1, 0, 0, 0, 0, 1, 0, 0, 0, 1, 0, 0]
85.008	Abm	8	0	[0, 0, 0, 1, 0, 0, 0, 0, 1, 0, 0, 1]
85.124	F	5	1	[1, 0, 0, 0, 0, 1, 0, 0, 0, 1, 0, 0]
85.380	Bb	10	1	[0, 0, 1, 0, 0, 1, 0, 0, 0, 0, 1, 0]
85.449	F	5	1	[1, 0, 0, 0, 0, 1, 0, 0, 0, 1, 0, 0]
85.635	Dm	2	0	[0, 0, 1, 0, 0, 1, 0, 0, 0, 1, 0, 0]
85.867	Dm	2	0	[0, 0, 1, 0, 0, 1, 0, 0, 0, 1, 0, 0]
85.983	F	5	1	[1, 0, 0, 0, 0, 1, 0, 0, 0, 1, 0, 0]
86.030	Dm	2	0	[0, 0, 1, 0, 0, 1, 0, 0, 0, 1, 0, 0]
86.146	Dm	2	0	[0, 0, 1, 0, 0, 1, 0, 0, 0, 1, 0, 0]
86.332	Dm	2	0	[0, 0, 1, 0, 0, 1, 0, 0, 0, 1, 0, 0]
86.471	Dm	2	0	[0, 0, 1, 0, 0, 1, 0, 0, 0, 1, 0, 0]
86.610	Dm	2	0	[0, 0, 1, 0, 0, 1, 0, 0, 0, 1, 0, 0]
86.750	Bb	10	1	[0, 0, 1, 0, 0, 1, 0, 0, 0, 0, 1, 0]
86.819	Am	9	0	[1, 0, 0, 0, 1, 0, 0, 0, 0, 1, 0, 0]
87.052	E	4	1	[0, 0, 0, 0, 1, 0, 0, 0, 1, 0, 0, 1]
87.214	Am	9	0	[1, 0, 0, 0, 1, 0, 0, 0, 0, 1, 0, 0]
87.353	Am	9	0	[1, 0, 0, 0, 1, 0, 0, 0, 0, 1, 0, 0]
87.609	F	5	1	[1, 0, 0, 0, 0, 1, 0, 0, 0, 1, 0, 0]
87.725	F	5	1	[1, 0, 0, 0, 0, 1, 0, 0, 0, 1, 0, 0]
88.305	F	5	1	[1, 0, 0, 0, 0, 1, 0, 0, 0, 1, 0, 0]
88.514	F	5	1	[1, 0, 0, 0, 0, 1, 0, 0, 0, 1, 0, 0]
88.631	Bb	10	1	[0, 0, 1, 0, 0, 1, 0, 0, 0, 0, 1, 0]
88.700	F	5	1	[1, 0, 0, 0, 0, 1, 0, 0, 0, 1, 0, 0]
88.956	E	4	1	[0, 0, 0, 0, 1, 0, 0, 0, 1, 0, 0, 1]
89.072	Dm	2	0	[0, 0, 1, 0, 0, 1, 0, 0, 0, 1, 0, 0]
89.304	Dm	2	0	[0, 0, 1, 0, 0, 1, 0, 0, 0, 1, 0, 0]
89.397	A	9	1	[0, 1, 0, 0, 1, 0, 0, 0, 0, 1, 0, 0]
89.513	Dm	2	0	[0, 0, 1, 0, 0, 1, 0, 0, 0, 1, 0, 0]
89.699	Gm	7	0	[0, 0, 1, 0, 0, 0, 0, 1, 0, 0, 1, 0]
89.838	F	5	1	[1, 0, 0, 0, 0, 1, 0, 0, 0, 1, 0, 0]
89.977	Cm	0	0	[1, 0, 0, 1, 0, 0, 0, 1, 0, 0, 0, 0]
90.279	Am	9	0	[1, 0, 0, 0, 1, 0, 0, 0, 0, 1, 0, 0]
90.326	Bb	10	1	[0, 0, 1, 0, 0, 1, 0, 0, 0, 0, 1, 0]
90.535	Bb	10	1	[0, 0, 1, 0, 0, 1, 0, 0, 0, 0, 1, 0]
90.674	Am	9	0	[1, 0, 0, 0, 1, 0, 0, 0, 0, 1, 0, 0]
90.906	Am	9	0	[1, 0, 0, 0, 1, 0, 0, 0, 0, 1, 0, 0]
91.162	Bb	10	1	[0, 0, 1, 0, 0, 1, 0, 0, 0, 0, 1, 0]
91.417	F	5	1	[1, 0, 0, 0, 0, 1, 0, 0, 0, 1, 0, 0]
91.510	Bb	10	1	[0, 0, 1, 0, 0, 1, 0, 0, 0, 0, 1, 0]
92.021	F	5	1	[1, 0, 0, 0, 0, 1, 0, 0, 0, 1, 0, 0]
92.206	Dm	2	0	[0, 0, 1, 0, 0, 1, 0, 0, 0, 1, 0, 0]
92.439	Dm	2	0	[0, 0, 1, 0, 0, 1, 0, 0, 0, 1, 0, 0]
92.717	F	5	1	[1, 0, 0, 0, 0, 1, 0, 0, 0, 1, 0, 0]
92.764	Bm	11	0	[0, 0, 1, 0, 0, 0, 1, 0, 0, 0, 0, 1]
92.996	Dm	2	0	[0, 0, 1, 0, 0, 1, 0, 0, 0, 1, 0, 0]
93.275	Dm	2	0	[0, 0, 1, 0, 0, 1, 0, 0, 0, 1, 0, 0]
93.321	Dm	2	0	[0, 0, 1, 0, 0, 1, 0, 0, 0, 1, 0, 0]
93.623	Eb	3	1	[0, 0, 0, 1, 0, 0, 0, 1, 0, 0, 1, 0]
93.832	Em	4	0	[0, 0, 0, 0, 1, 0, 0, 1, 0, 0, 0, 1]
93.994	Em	4	0	[0, 0, 0, 0, 1, 0, 0, 1, 0, 0, 0, 1]
94.157	Em	4	0	[0, 0, 0, 0, 1, 0, 0, 1, 0, 0, 0, 1]
94.366	Em	4	0	[0, 0, 0, 0, 1, 0, 0, 1, 0, 0, 0, 1]
94.482	Em	4	0	[0, 0, 0, 0, 1, 0, 0, 1, 0, 0, 0, 1]
94.691	Cm	0	0	[1, 0, 0, 1, 0, 0, 0, 1, 0, 0, 0, 0]
94.900	F	5	1	[1, 0, 0, 0, 0, 1, 0, 0, 0, 1, 0, 0]
95.132	F	5	1	[1, 0, 0, 0, 0, 1, 0, 0, 0, 1, 0, 0]
95.179	C	0	1	[1, 0, 0, 0, 1, 0, 0, 1, 0, 0, 0, 0]
95.411	Dm	2	0	[0, 0, 1, 0, 0, 1, 0, 0, 0, 1, 0, 0]
95.597	Bb	10	1	[0, 0, 1, 0, 0, 1, 0, 0, 0, 0, 1, 0]
95.666	Gm	7	0	[0, 0, 1, 0, 0, 0, 0, 1, 0, 0, 1, 0]
95.945	Gm	7	0	[0, 0, 1, 0, 0, 0, 0, 1, 0, 0, 1, 0]
96.154	Gm	7	0	[0, 0, 1, 0, 0, 0, 0, 1, 0, 0, 1, 0]
96.293	Gm	7	0	[0, 0, 1, 0, 0, 0, 0, 1, 0, 0, 1, 0]
96.502	Gm	7	0	[0, 0, 1, 0, 0, 0, 0, 1, 0, 0, 1, 0]
96.688	Gm	7	0	[0, 0, 1, 0, 0, 0, 0, 1, 0, 0, 1, 0]
96.943	Cm	0	0	[1, 0, 0, 1, 0, 0, 0, 1, 0, 0, 0, 0]
97.176	Eb	3	1	[0, 0, 0, 1, 0, 0, 0, 1, 0, 0, 1, 0]
97.454	Cm	0	0	[1, 0, 0, 1, 0, 0, 0, 1, 0, 0, 0, 0]
97.710	Gm	7	0	[0, 0, 1, 0, 0, 0, 0, 1, 0, 0, 1, 0]
97.849	Eb	3	1	[0, 0, 0, 1, 0, 0, 0, 1, 0, 0, 1, 0]
98.267	Gm	7	0	[0, 0, 1, 0, 0, 0, 0, 1, 0, 0, 1, 0]
98.360	Cm	0	0	[1, 0, 0, 1, 0, 0, 0, 1, 0, 0, 0, 0]
98.499	F#m	6	0	[0, 1, 0, 0, 0, 0, 1, 0, 0, 1, 0, 0]
98.615	F	5	1	[1, 0, 0, 0, 0, 1, 0, 0, 0, 1, 0, 0]
98.708	F	5	1	[1, 0, 0, 0, 0, 1, 0, 0, 0, 1, 0, 0]
98.871	F	5	1	[1, 0, 0, 0, 0, 1, 0, 0, 0, 1, 0, 0]
99.033	Cm	0	0	[1, 0, 0, 1, 0, 0, 0, 1, 0, 0, 0, 0]
99.219	F	5	1	[1, 0, 0, 0, 0, 1, 0, 0, 0, 1, 0, 0]
99.312	Dm	2	0	[0, 0, 1, 0, 0, 1, 0, 0, 0, 1, 0, 0]
99.474	F	5	1	[1, 0, 0, 0, 0, 1, 0, 0, 0, 1, 0, 0]
99.660	Bb	10	1	[0, 0, 1, 0, 0, 1, 0, 0, 0, 0, 1, 0]
99.730	Dm	2	0	[0, 0, 1, 0, 0, 1, 0, 0, 0, 1, 0, 0]
99.915	Dm	2	0	[0, 0, 1, 0, 0, 1, 0, 0, 0, 1, 0, 0]
100.008	F	5	1	[1, 0, 0, 0, 0, 1, 0, 0, 0, 1, 0, 0]
100.055	Dm	2	0	[0, 0, 1, 0, 0, 1, 0, 0, 0, 1, 0, 0]
100.287	F	5	1	[1, 0, 0, 0, 0, 1, 0, 0, 0, 1, 0, 0]
100.473	Dm	2	0	[0, 0, 1, 0, 0, 1, 0, 0, 0, 1, 0, 0]
100.705	Dm	2	0	[0, 0, 1, 0, 0, 1, 0, 0, 0, 1, 0, 0]
100.751	Dm	2	0	[0, 0, 1, 0, 0, 1, 0, 0, 0, 1, 0, 0]
100.914	Dm	2	0	[0, 0, 1, 0, 0, 1, 0, 0, 0, 1, 0, 0]
101.053	F	5	1	[1, 0, 0, 0, 0, 1, 0, 0, 0, 1, 0, 0]
101.100	C	0	1	[1, 0, 0, 0, 1, 0, 0, 1, 0, 0, 0, 0]
101.402	F	5	1	[1, 0, 0, 0, 0, 1, 0, 0, 0, 1, 0, 0]
101.587	F	5	1	[1, 0, 0, 0, 0, 1, 0, 0, 0, 1, 0, 0]
101.773	F	5	1	[1, 0, 0, 0, 0, 1, 0, 0, 0, 1, 0, 0]
101.820	F	5	1	[1, 0, 0, 0, 0, 1, 0, 0, 0, 1, 0, 0]
101.912	F	5	1	[1, 0, 0, 0, 0, 1, 0, 0, 0, 1, 0, 0]
102.679	Dm	2	0	[0, 0, 1, 0, 0, 1, 0, 0, 0, 1, 0, 0]
102.795	F	5	1	[1, 0, 0, 0, 0, 1, 0, 0, 0, 1, 0, 0]
102.888	Bb	10	1	[0, 0, 1, 0, 0, 1, 0, 0, 0, 0, 1, 0]
102.957	F	5	1	[1, 0, 0, 0, 0, 1, 0, 0, 0, 1, 0, 0]
103.259	Dm	2	0	[0, 0, 1, 0, 0, 1, 0, 0, 0, 1, 0, 0]
103.352	D	2	1	[0, 0, 1, 0, 0, 0, 1, 0, 0, 1, 0, 0]
103.584	Dm	2	0	[0, 0, 1, 0, 0, 1, 0, 0, 0, 1, 0, 0]
103.724	Dm	2	0	[0, 0, 1, 0, 0, 1, 0, 0, 0, 1, 0, 0]
103.933	Dm	2	0	[0, 0, 1, 0, 0, 1, 0, 0, 0, 1, 0, 0]
104.025	G	7	1	[0, 0, 1, 0, 0, 0, 0, 1, 0, 0, 0, 1]
104.165	Am	9	0	[1, 0, 0, 0, 1, 0, 0, 0, 0, 1, 0, 0]
104.443	F	5	1	[1, 0, 0, 0, 0, 1, 0, 0, 0, 1, 0, 0]
104.490	F	5	1	[1, 0, 0, 0, 0, 1, 0, 0, 0, 1, 0, 0]
104.792	F	5	1	[1, 0, 0, 0, 0, 1, 0, 0, 0, 1, 0, 0]
104.954	Gm	7	0	[0, 0, 1, 0, 0, 0, 0, 1, 0, 0, 1, 0]
105.163	Gm	7	0	[0, 0, 1, 0, 0, 0, 0, 1, 0, 0, 1, 0]
105.372	Dm	2	0	[0, 0, 1, 0, 0, 1, 0, 0, 0, 1, 0, 0]
105.535	Dm	2	0	[0, 0, 1, 0, 0, 1, 0, 0, 0, 1, 0, 0]
105.628	Bb	10	1	[0, 0, 1, 0, 0, 1, 0, 0, 0, 0, 1, 0]
105.837	Bb	10	1	[0, 0, 1, 0, 0, 1, 0, 0, 0, 0, 1, 0]
106.255	F	5	1	[1, 0, 0, 0, 0, 1, 0, 0, 0, 1, 0, 0]
106.371	F	5	1	[1, 0, 0, 0, 0, 1, 0, 0, 0, 1, 0, 0]
106.463	A	9	1	[0, 1, 0, 0, 1, 0, 0, 0, 0, 1, 0, 0]
106.580	Dm	2	0	[0, 0, 1, 0, 0, 1, 0, 0, 0, 1, 0, 0]
106.672	Dm	2	0	[0, 0, 1, 0, 0, 1, 0, 0, 0, 1, 0, 0]
106.951	C#	1	1	[0, 1, 0, 0, 0, 1, 0, 0, 1, 0, 0, 0]
107.114	Dm	2	0	[0, 0, 1, 0, 0, 1, 0, 0, 0, 1, 0, 0]
107.276	Dm	2	0	[0, 0, 1, 0, 0, 1, 0, 0, 0, 1, 0, 0]
107.439	Dm	2	0	[0, 0, 1, 0, 0, 1, 0, 0, 0, 1, 0, 0]
107.555	Dm	2	0	[0, 0, 1, 0, 0, 1, 0, 0, 0, 1, 0, 0]
107.624	Dm	2	0	[0, 0, 1, 0, 0, 1, 0, 0, 0, 1, 0, 0]
107.810	D	2	1	[0, 0, 1, 0, 0, 0, 1, 0, 0, 1, 0, 0]
107.996	G	7	1	[0, 0, 1, 0, 0, 0, 0, 1, 0, 0, 0, 1]
108.275	G	7	1	[0, 0, 1, 0, 0, 0, 0, 1, 0, 0, 0, 1]
108.484	G	7	1	[0, 0, 1, 0, 0, 0, 0, 1, 0, 0, 0, 1]
108.623	C	0	1	[1, 0, 0, 0, 1, 0, 0, 1, 0, 0, 0, 0]
108.832	F#m	6	0	[0, 1, 0, 0, 0, 0, 1, 0, 0, 1, 0, 0]
108.948	C	0	1	[1, 0, 0, 0, 1, 0, 0, 1, 0, 0, 0, 0]
109.180	C	0	1	[1, 0, 0, 0, 1, 0, 0, 1, 0, 0, 0, 0]
109.366	G	7	1	[0, 0, 1, 0, 0, 0, 0, 1, 0, 0, 0, 1]
109.575	Bb	10	1	[0, 0, 1, 0, 0, 1, 0, 0, 0, 0, 1, 0]
109.830	F	5	1	[1, 0, 0, 0, 0, 1, 0, 0, 0, 1, 0, 0]
109.970	Gm	7	0	[0, 0, 1, 0, 0, 0, 0, 1, 0, 0, 1, 0]
110.109	Dm	2	0	[0, 0, 1, 0, 0, 1, 0, 0, 0, 1, 0, 0]
110.155	Gm	7	0	[0, 0, 1, 0, 0, 0, 0, 1, 0, 0, 1, 0]
110.481	Gm	7	0	[0, 0, 1, 0, 0, 0, 0, 1, 0, 0, 1, 0]
110.643	Dm	2	0	[0, 0, 1, 0, 0, 1, 0, 0, 0, 1, 0, 0]
110.736	Cm	0	0	[1, 0, 0, 1, 0, 0, 0, 1, 0, 0, 0, 0]
110.968	Bb	10	1	[0, 0, 1, 0, 0, 1, 0, 0, 0, 0, 1, 0]
111.131	Bb	10	1	[0, 0, 1, 0, 0, 1, 0, 0, 0, 0, 1, 0]
111.270	Bb	10	1	[0, 0, 1, 0, 0, 1, 0, 0, 0, 0, 1, 0]
111.340	Gm	7	0	[0, 0, 1, 0, 0, 0, 0, 1, 0, 0, 1, 0]
111.502	Gm	7	0	[0, 0, 1, 0, 0, 0, 0, 1, 0, 0, 1, 0]
111.642	Eb	3	1	[0, 0, 0, 1, 0, 0, 0, 1, 0, 0, 1, 0]
111.943	Eb	3	1	[0, 0, 0, 1, 0, 0, 0, 1, 0, 0, 1, 0]
112.152	Eb	3	1	[0, 0, 0, 1, 0, 0, 0, 1, 0, 0, 1, 0]
112.454	F	5	1	[1, 0, 0, 0, 0, 1, 0, 0, 0, 1, 0, 0]
112.477	Gm	7	0	[0, 0, 1, 0, 0, 0, 0, 1, 0, 0, 1, 0]
112.756	Dm	2	0	[0, 0, 1, 0, 0, 1, 0, 0, 0, 1, 0, 0]
112.849	Bb	10	1	[0, 0, 1, 0, 0, 1, 0, 0, 0, 0, 1, 0]
112.988	B	11	1	[0, 0, 0, 1, 0, 0, 1, 0, 0, 0, 0, 1]
113.104	Cm	0	0	[1, 0, 0, 1, 0, 0, 0, 1, 0, 0, 0, 0]
113.337	C#	1	1	[0, 1, 0, 0, 0, 1, 0, 0, 1, 0, 0, 0]
113.453	Dm	2	0	[0, 0, 1, 0, 0, 1, 0, 0, 0, 1, 0, 0]
113.662	F	5	1	[1, 0, 0, 0, 0, 1, 0, 0, 0, 1, 0, 0]
113.847	Dm	2	0	[0, 0, 1, 0, 0, 1, 0, 0, 0, 1, 0, 0]
113.987	F	5	1	[1, 0, 0, 0, 0, 1, 0, 0, 0, 1, 0, 0]
114.173	Dm	2	0	[0, 0, 1, 0, 0, 1, 0, 0, 0, 1, 0, 0]
114.405	Dm	2	0	[0, 0, 1, 0, 0, 1, 0, 0, 0, 1, 0, 0]
114.544	Dm	2	0	[0, 0, 1, 0, 0, 1, 0, 0, 0, 1, 0, 0]
114.637	Dm	2	0	[0, 0, 1, 0, 0, 1, 0, 0, 0, 1, 0, 0]
114.730	Dm	2	0	[0, 0, 1, 0, 0, 1, 0, 0, 0, 1, 0, 0]
114.823	Dm	2	0	[0, 0, 1, 0, 0, 1, 0, 0, 0, 1, 0, 0]
115.078	F	5	1	[1, 0, 0, 0, 0, 1, 0, 0, 0, 1, 0, 0]
115.217	F	5	1	[1, 0, 0, 0, 0, 1, 0, 0, 0, 1, 0, 0]
115.310	F	5	1	[1, 0, 0, 0, 0, 1, 0, 0, 0, 1, 0, 0]
115.519	F	5	1	[1, 0, 0, 0, 0, 1, 0, 0, 0, 1, 0, 0]
115.751	F	5	1	[1, 0, 0, 0, 0, 1, 0, 0, 0, 1, 0, 0]
115.891	Gm	7	0	[0, 0, 1, 0, 0, 0, 0, 1, 0, 0, 1, 0]
115.960	C	0	1	[1, 0, 0, 0, 1, 0, 0, 1, 0, 0, 0, 0]
116.100	F	5	1	[1, 0, 0, 0, 0, 1, 0, 0, 0, 1, 0, 0]
116.634	F	5	1	[1, 0, 0, 0, 0, 1, 0, 0, 0, 1, 0, 0]
116.680	F	5	1	[1, 0, 0, 0, 0, 1, 0, 0, 0, 1, 0, 0]
116.959	Bb	10	1	[0, 0, 1, 0, 0, 1, 0, 0, 0, 0, 1, 0]
117.029	C#	1	1	[0, 1, 0, 0, 0, 1, 0, 0, 1, 0, 0, 0]
117.145	F	5	1	[1, 0, 0, 0, 0, 1, 0, 0, 0, 1, 0, 0]
117.307	E	4	1	[0, 0, 0, 0, 1, 0, 0, 0, 1, 0, 0, 1]
117.377	Dm	2	0	[0, 0, 1, 0, 0, 1, 0, 0, 0, 1, 0, 0]
117.656	Dm	2	0	[0, 0, 1, 0, 0, 1, 0, 0, 0, 1, 0, 0]
117.748	Dm	2	0	[0, 0, 1, 0, 0, 1, 0, 0, 0, 1, 0, 0]
117.818	Dm	2	0	[0, 0, 1, 0, 0, 1, 0, 0, 0, 1, 0, 0]
118.143	Dm	2	0	[0, 0, 1, 0, 0, 1, 0, 0, 0, 1, 0, 0]
118.213	Dm	2	0	[0, 0, 1, 0, 0, 1, 0, 0, 0, 1, 0, 0]
118.468	Am	9	0	[1, 0, 0, 0, 1, 0, 0, 0, 0, 1, 0, 0]
118.677	F	5	1	[1, 0, 0, 0, 0, 1, 0, 0, 0, 1, 0, 0]
118.770	F	5	1	[1, 0, 0, 0, 0, 1, 0, 0, 0, 1, 0, 0]
118.863	F	5	1	[1, 0, 0, 0, 0, 1, 0, 0, 0, 1, 0, 0]
119.095	F	5	1	[1, 0, 0, 0, 0, 1, 0, 0, 0, 1, 0, 0]
119.258	F	5	1	[1, 0, 0, 0, 0, 1, 0, 0, 0, 1, 0, 0]
119.443	Bb	10	1	[0, 0, 1, 0, 0, 1, 0, 0, 0, 0, 1, 0]
119.560	Bb	10	1	[0, 0, 1, 0, 0, 1, 0, 0, 0, 0, 1, 0]
119.676	Bb	10	1	[0, 0, 1, 0, 0, 1, 0, 0, 0, 0, 1, 0]
119.792	Bb	10	1	[0, 0, 1, 0, 0, 1, 0, 0, 0, 0, 1, 0]
119.908	Bb	10	1	[0, 0, 1, 0, 0, 1, 0, 0, 0, 0, 1, 0]
120.279	Bbm	10	0	[0, 1, 0, 0, 0, 1, 0, 0, 0, 0, 1, 0]
120.395	D	2	1	[0, 0, 1, 0, 0, 0, 1, 0, 0, 1, 0, 0]
120.697	F	5	1	[1, 0, 0, 0, 0, 1, 0, 0, 0, 1, 0, 0]
120.744	A	9	1	[0, 1, 0, 0, 1, 0, 0, 0, 0, 1, 0, 0]
120.860	Dm	2	0	[0, 0, 1, 0, 0, 1, 0, 0, 0, 1, 0, 0]
121.139	C#	1	1	[0, 1, 0, 0, 0, 1, 0, 0, 1, 0, 0, 0]
121.255	Fm	5	0	[1, 0, 0, 0, 0, 1, 0, 0, 1, 0, 0, 0]
121.301	F	5	1	[1, 0, 0, 0, 0, 1, 0, 0, 0, 1, 0, 0]
121.626	F	5	1	[1, 0, 0, 0, 0, 1, 0, 0, 0, 1, 0, 0]
121.742	F	5	1	[1, 0, 0, 0, 0, 1, 0, 0, 0, 1, 0, 0]
121.835	Dm	2	0	[0, 0, 1, 0, 0, 1, 0, 0, 0, 1, 0, 0]
121.974	G	7	1	[0, 0, 1, 0, 0, 0, 0, 1, 0, 0, 0, 1]
122.160	Gm	7	0	[0, 0, 1, 0, 0, 0, 0, 1, 0, 0, 1, 0]
122.230	F	5	1	[1, 0, 0, 0, 0, 1, 0, 0, 0, 1, 0, 0]
122.462	G	7	1	[0, 0, 1, 0, 0, 0, 0, 1, 0, 0, 0, 1]
122.625	G	7	1	[0, 0, 1, 0, 0, 0, 0, 1, 0, 0, 0, 1]
122.880	G	7	1	[0, 0, 1, 0, 0, 0, 0, 1, 0, 0, 0, 1]
123.019	C	0	1	[1, 0, 0, 0, 1, 0, 0, 1, 0, 0, 0, 0]
123.066	F#m	6	0	[0, 1, 0, 0, 0, 0, 1, 0, 0, 1, 0, 0]
123.182	F	5	1	[1, 0, 0, 0, 0, 1, 0, 0, 0, 1, 0, 0]
123.484	Dm	2	0	[0, 0, 1, 0, 0, 1, 0, 0, 0, 1, 0, 0]
123.623	Dm	2	0	[0, 0, 1, 0, 0, 1, 0, 0, 0, 1, 0, 0]
123.948	Bb	10	1	[0, 0, 1, 0, 0, 1, 0, 0, 0, 0, 1, 0]
124.041	Bb	10	1	[0, 0, 1, 0, 0, 1, 0, 0, 0, 0, 1, 0]
124.204	Bb	10	1	[0, 0, 1, 0, 0, 1, 0, 0, 0, 0, 1, 0]
124.413	Bb	10	1	[0, 0, 1, 0, 0, 1, 0, 0, 0, 0, 1, 0]
124.621	Bb	10	1	[0, 0, 1, 0, 0, 1, 0, 0, 0, 0, 1, 0]
124.830	Cm	0	0	[1, 0, 0, 1, 0, 0, 0, 1, 0, 0, 0, 0]
125.039	Cm	0	0	[1, 0, 0, 1, 0, 0, 0, 1, 0, 0, 0, 0]
125.248	Cm	0	0	[1, 0, 0, 1, 0, 0, 0, 1, 0, 0, 0, 0]
125.550	Bb	10	1	[0, 0, 1, 0, 0, 1, 0, 0, 0, 0, 1, 0]
125.690	F	5	1	[1, 0, 0, 0, 0, 1, 0, 0, 0, 1, 0, 0]
125.713	Eb	3	1	[0, 0, 0, 1, 0, 0, 0, 1, 0, 0, 1, 0]
125.852	Eb	3	1	[0, 0, 0, 1, 0, 0, 0, 1, 0, 0, 1, 0]
126.154	Bb	10	1	[0, 0, 1, 0, 0, 1, 0, 0, 0, 0, 1, 0]
126.224	Bb	10	1	[0, 0, 1, 0, 0, 1, 0, 0, 0, 0, 1, 0]
126.293	Eb	3	1	[0, 0, 0, 1, 0, 0, 0, 1, 0, 0, 1, 0]
126.618	F	5	1	[1, 0, 0, 0, 0, 1, 0, 0, 0, 1, 0, 0]
126.665	Bb	10	1	[0, 0, 1, 0, 0, 1, 0, 0, 0, 0, 1, 0]
126.851	Eb	3	1	[0, 0, 0, 1, 0, 0, 0, 1, 0, 0, 1, 0]
126.990	B	11	1	[0, 0, 0, 1, 0, 0, 1, 0, 0, 0, 0, 1]
127.106	Bb	10	1	[0, 0, 1, 0, 0, 1, 0, 0, 0, 0, 1, 0]
127.245	Fm	5	0	[1, 0, 0, 0, 0, 1, 0, 0, 1, 0, 0, 0]
127.478	Dm	2	0	[0, 0, 1, 0, 0, 1, 0, 0, 0, 1, 0, 0]
127.687	Dm	2	0	[0, 0, 1, 0, 0, 1, 0, 0, 0, 1, 0, 0]
127.965	Dm	2	0	[0, 0, 1, 0, 0, 1, 0, 0, 0, 1, 0, 0]
128.058	Dm	2	0	[0, 0, 1, 0, 0, 1, 0, 0, 0, 1, 0, 0]
128.313	Dm	2	0	[0, 0, 1, 0, 0, 1, 0, 0, 0, 1, 0, 0]
128.476	Dm	2	0	[0, 0, 1, 0, 0, 1, 0, 0, 0, 1, 0, 0]
128.662	Dm	2	0	[0, 0, 1, 0, 0, 1, 0, 0, 0, 1, 0, 0]
128.778	Dm	2	0	[0, 0, 1, 0, 0, 1, 0, 0, 0, 1, 0, 0]
128.848	Dm	2	0	[0, 0, 1, 0, 0, 1, 0, 0, 0, 1, 0, 0]
129.126	Am	9	0	[1, 0, 0, 0, 1, 0, 0, 0, 0, 1, 0, 0]
129.242	Em	4	0	[0, 0, 0, 0, 1, 0, 0, 1, 0, 0, 0, 1]
129.358	Em	4	0	[0, 0, 0, 0, 1, 0, 0, 1, 0, 0, 0, 1]
129.428	E	4	1	[0, 0, 0, 0, 1, 0, 0, 0, 1, 0, 0, 1]
129.660	Em	4	0	[0, 0, 0, 0, 1, 0, 0, 1, 0, 0, 0, 1]
129.823	Em	4	0	[0, 0, 0, 0, 1, 0, 0, 1, 0, 0, 0, 1]
130.101	Em	4	0	[0, 0, 0, 0, 1, 0, 0, 1, 0, 0, 0, 1]
130.171	Em	4	0	[0, 0, 0, 0, 1, 0, 0, 1, 0, 0, 0, 1]
130.403	Cm	0	0	[1, 0, 0, 1, 0, 0, 0, 1, 0, 0, 0, 0]
130.891	C	0	1	[1, 0, 0, 0, 1, 0, 0, 1, 0, 0, 0, 0]
130.984	Bb	10	1	[0, 0, 1, 0, 0, 1, 0, 0, 0, 0, 1, 0]
131.053	F	5	1	[1, 0, 0, 0, 0, 1, 0, 0, 0, 1, 0, 0]
131.216	Bb	10	1	[0, 0, 1, 0, 0, 1, 0, 0, 0, 0, 1, 0]
131.286	Am	9	0	[1, 0, 0, 0, 1, 0, 0, 0, 0, 1, 0, 0]
131.471	Bb	10	1	[0, 0, 1, 0, 0, 1, 0, 0, 0, 0, 1, 0]
131.541	Am	9	0	[1, 0, 0, 0, 1, 0, 0, 0, 0, 1, 0, 0]
131.913	Dm	2	0	[0, 0, 1, 0, 0, 1, 0, 0, 0, 1, 0, 0]
132.098	Dm	2	0	[0, 0, 1, 0, 0, 1, 0, 0, 0, 1, 0, 0]
132.400	Dm	2	0	[0, 0, 1, 0, 0, 1, 0, 0, 0, 1, 0, 0]
132.563	E	4	1	[0, 0, 0, 0, 1, 0, 0, 0, 1, 0, 0, 1]
132.818	E	4	1	[0, 0, 0, 0, 1, 0, 0, 0, 1, 0, 0, 1]
132.934	F	5	1	[1, 0, 0, 0, 0, 1, 0, 0, 0, 1, 0, 0]
133.027	E	4	1	[0, 0, 0, 0, 1, 0, 0, 0, 1, 0, 0, 1]
133.259	Ebm	3	0	[0, 0, 0, 1, 0, 0, 1, 0, 0, 0, 1, 0]
133.677	Bb	10	1	[0, 0, 1, 0, 0, 1, 0, 0, 0, 0, 1, 0]
133.747	Bb	10	1	[0, 0, 1, 0, 0, 1, 0, 0, 0, 0, 1, 0]
133.863	Bb	10	1	[0, 0, 1, 0, 0, 1, 0, 0, 0, 0, 1, 0]
134.095	Bb	10	1	[0, 0, 1, 0, 0, 1, 0, 0, 0, 0, 1, 0]
134.606	E	4	1	[0, 0, 0, 0, 1, 0, 0, 0, 1, 0, 0, 1]
134.722	F	5	1	[1, 0, 0, 0, 0, 1, 0, 0, 0, 1, 0, 0]
134.838	F	5	1	[1, 0, 0, 0, 0, 1, 0, 0, 0, 1, 0, 0]
135.047	E	4	1	[0, 0, 0, 0, 1, 0, 0, 0, 1, 0, 0, 1]
135.303	F	5	1	[1, 0, 0, 0, 0, 1, 0, 0, 0, 1, 0, 0]
135.419	Dm	2	0	[0, 0, 1, 0, 0, 1, 0, 0, 0, 1, 0, 0]
135.465	Dm	2	0	[0, 0, 1, 0, 0, 1, 0, 0, 0, 1, 0, 0]
135.790	F	5	1	[1, 0, 0, 0, 0, 1, 0, 0, 0, 1, 0, 0]
135.837	Dm	2	0	[0, 0, 1, 0, 0, 1, 0, 0, 0, 1, 0, 0]
136.092	Dm	2	0	[0, 0, 1, 0, 0, 1, 0, 0, 0, 1, 0, 0]
136.208	Dm	2	0	[0, 0, 1, 0, 0, 1, 0, 0, 0, 1, 0, 0]
136.324	Dm	2	0	[0, 0, 1, 0, 0, 1, 0, 0, 0, 1, 0, 0]
136.510	Am	9	0	[1, 0, 0, 0, 1, 0, 0, 0, 0, 1, 0, 0]
136.719	Am	9	0	[1, 0, 0, 0, 1, 0, 0, 0, 0, 1, 0, 0]
136.882	Cm	0	0	[1, 0, 0, 1, 0, 0, 0, 1, 0, 0, 0, 0]
137.044	Dm	2	0	[0, 0, 1, 0, 0, 1, 0, 0, 0, 1, 0, 0]
137.137	Dm	2	0	[0, 0, 1, 0, 0, 1, 0, 0, 0, 1, 0, 0]
137.207	Dm	2	0	[0, 0, 1, 0, 0, 1, 0, 0, 0, 1, 0, 0]
137.439	F	5	1	[1, 0, 0, 0, 0, 1, 0, 0, 0, 1, 0, 0]
137.601	F	5	1	[1, 0, 0, 0, 0, 1, 0, 0, 0, 1, 0, 0]
137.857	Dm	2	0	[0, 0, 1, 0, 0, 1, 0, 0, 0, 1, 0, 0]
137.927	C#	1	1	[0, 1, 0, 0, 0, 1, 0, 0, 1, 0, 0, 0]
138.112	Bb	10	1	[0, 0, 1, 0, 0, 1, 0, 0, 0, 0, 1, 0]
138.205	Dm	2	0	[0, 0, 1, 0, 0, 1, 0, 0, 0, 1, 0, 0]
138.298	Dm	2	0	[0, 0, 1, 0, 0, 1, 0, 0, 0, 1, 0, 0]
138.577	Dm	2	0	[0, 0, 1, 0, 0, 1, 0, 0, 0, 1, 0, 0]
138.646	A	9	1	[0, 1, 0, 0, 1, 0, 0, 0, 0, 1, 0, 0]
138.995	Eb	3	1	[0, 0, 0, 1, 0, 0, 0, 1, 0, 0, 1, 0]
139.157	Bb	10	1	[0, 0, 1, 0, 0, 1, 0, 0, 0, 0, 1, 0]
139.227	Eb	3	1	[0, 0, 0, 1, 0, 0, 0, 1, 0, 0, 1, 0]
139.482	Eb	3	1	[0, 0, 0, 1, 0, 0, 0, 1, 0, 0, 1, 0]
139.854	Bb	10	1	[0, 0, 1, 0, 0, 1, 0, 0, 0, 0, 1, 0]
139.923	Bb	10	1	[0, 0, 1, 0, 0, 1, 0, 0, 0, 0, 1, 0]
140.016	Eb	3	1	[0, 0, 0, 1, 0, 0, 0, 1, 0, 0, 1, 0]
140.318	F	5	1	[1, 0, 0, 0, 0, 1, 0, 0, 0, 1, 0, 0]
140.341	Eb	3	1	[0, 0, 0, 1, 0, 0, 0, 1, 0, 0, 1, 0]
140.458	Eb	3	1	[0, 0, 0, 1, 0, 0, 0, 1, 0, 0, 1, 0]
140.759	Eb	3	1	[0, 0, 0, 1, 0, 0, 0, 1, 0, 0, 1, 0]
140.899	Eb	3	1	[0, 0, 0, 1, 0, 0, 0, 1, 0, 0, 1, 0]
141.061	Eb	3	1	[0, 0, 0, 1, 0, 0, 0, 1, 0, 0, 1, 0]
141.642	Dm	2	0	[0, 0, 1, 0, 0, 1, 0, 0, 0, 1, 0, 0]
141.735	F	5	1	[1, 0, 0, 0, 0, 1, 0, 0, 0, 1, 0, 0]
141.851	F	5	1	[1, 0, 0, 0, 0, 1, 0, 0, 0, 1, 0, 0]
142.129	Dm	2	0	[0, 0, 1, 0, 0, 1, 0, 0, 0, 1, 0, 0]
142.385	Dm	2	0	[0, 0, 1, 0, 0, 1, 0, 0, 0, 1, 0, 0]
142.547	Dm	2	0	[0, 0, 1, 0, 0, 1, 0, 0, 0, 1, 0, 0]
142.687	Dm	2	0	[0, 0, 1, 0, 0, 1, 0, 0, 0, 1, 0, 0]
142.965	Dm	2	0	[0, 0, 1, 0, 0, 1, 0, 0, 0, 1, 0, 0]
143.151	Am	9	0	[1, 0, 0, 0, 1, 0, 0, 0, 0, 1, 0, 0]
143.267	C	0	1	[1, 0, 0, 0, 1, 0, 0, 1, 0, 0, 0, 0]
143.406	F	5	1	[1, 0, 0, 0, 0, 1, 0, 0, 0, 1, 0, 0]
143.523	Am	9	0	[1, 0, 0, 0, 1, 0, 0, 0, 0, 1, 0, 0]
143.732	Am	9	0	[1, 0, 0, 0, 1, 0, 0, 0, 0, 1, 0, 0]
143.917	Am	9	0	[1, 0, 0, 0, 1, 0, 0, 0, 0, 1, 0, 0]
144.010	Am	9	0	[1, 0, 0, 0, 1, 0, 0, 0, 0, 1, 0, 0]
144.196	F	5	1	[1, 0, 0, 0, 0, 1, 0, 0, 0, 1, 0, 0]
144.312	F	5	1	[1, 0, 0, 0, 0, 1, 0, 0, 0, 1, 0, 0]
144.962	F	5	1	[1, 0, 0, 0, 0, 1, 0, 0, 0, 1, 0, 0]
145.171	E	4	1	[0, 0, 0, 0, 1, 0, 0, 0, 1, 0, 0, 1]
145.287	F	5	1	[1, 0, 0, 0, 0, 1, 0, 0, 0, 1, 0, 0]
145.450	F	5	1	[1, 0, 0, 0, 0, 1, 0, 0, 0, 1, 0, 0]
145.636	Am	9	0	[1, 0, 0, 0, 1, 0, 0, 0, 0, 1, 0, 0]
145.798	Eb	3	1	[0, 0, 0, 1, 0, 0, 0, 1, 0, 0, 1, 0]
146.007	Dm	2	0	[0, 0, 1, 0, 0, 1, 0, 0, 0, 1, 0, 0]
146.100	Dm	2	0	[0, 0, 1, 0, 0, 1, 0, 0, 0, 1, 0, 0]
146.193	D	2	1	[0, 0, 1, 0, 0, 0, 1, 0, 0, 1, 0, 0]
146.471	F	5	1	[1, 0, 0, 0, 0, 1, 0, 0, 0, 1, 0, 0]
146.518	Dm	2	0	[0, 0, 1, 0, 0, 1, 0, 0, 0, 1, 0, 0]
146.750	Am	9	0	[1, 0, 0, 0, 1, 0, 0, 0, 0, 1, 0, 0]
146.936	E	4	1	[0, 0, 0, 0, 1, 0, 0, 0, 1, 0, 0, 1]
147.052	Bb	10	1	[0, 0, 1, 0, 0, 1, 0, 0, 0, 0, 1, 0]
147.122	Bb	10	1	[0, 0, 1, 0, 0, 1, 0, 0, 0, 0, 1, 0]
147.191	Am	9	0	[1, 0, 0, 0, 1, 0, 0, 0, 0, 1, 0, 0]
147.423	C	0	1	[1, 0, 0, 0, 1, 0, 0, 1, 0, 0, 0, 0]
147.632	A	9	1	[0, 1, 0, 0, 1, 0, 0, 0, 0, 1, 0, 0]
147.795	Bb	10	1	[0, 0, 1, 0, 0, 1, 0, 0, 0, 0, 1, 0]
148.097	Bb	10	1	[0, 0, 1, 0, 0, 1, 0, 0, 0, 0, 1, 0]
148.236	Bb	10	1	[0, 0, 1, 0, 0, 1, 0, 0, 0, 0, 1, 0]
148.352	Bb	10	1	[0, 0, 1, 0, 0, 1, 0, 0, 0, 0, 1, 0]
148.724	C#	1	1	[0, 1, 0, 0, 0, 1, 0, 0, 1, 0, 0, 0]
148.840	Dm	2	0	[0, 0, 1, 0, 0, 1, 0, 0, 0, 1, 0, 0]
148.933	F#m	6	0	[0, 1, 0, 0, 0, 0, 1, 0, 0, 1, 0, 0]
149.049	C#	1	1	[0, 1, 0, 0, 0, 1, 0, 0, 1, 0, 0, 0]
149.165	Bb	10	1	[0, 0, 1, 0, 0, 1, 0, 0, 0, 0, 1, 0]
149.444	F	5	1	[1, 0, 0, 0, 0, 1, 0, 0, 0, 1, 0, 0]
149.513	Bm	11	0	[0, 0, 1, 0, 0, 0, 1, 0, 0, 0, 0, 1]
149.629	Dm	2	0	[0, 0, 1, 0, 0, 1, 0, 0, 0, 1, 0, 0]
149.769	Dm	2	0	[0, 0, 1, 0, 0, 1, 0, 0, 0, 1, 0, 0]
149.908	Dm	2	0	[0, 0, 1, 0, 0, 1, 0, 0, 0, 1, 0, 0]
149.978	Dm	2	0	[0, 0, 1, 0, 0, 1, 0, 0, 0, 1, 0, 0]
150.280	B	11	1	[0, 0, 0, 1, 0, 0, 1, 0, 0, 0, 0, 1]
150.489	Bb	10	1	[0, 0, 1, 0, 0, 1, 0, 0, 0, 0, 1, 0]
150.558	Am	9	0	[1, 0, 0, 0, 1, 0, 0, 0, 0, 1, 0, 0]
150.814	E	4	1	[0, 0, 0, 0, 1, 0, 0, 0, 1, 0, 0, 1]
150.930	Em	4	0	[0, 0, 0, 0, 1, 0, 0, 1, 0, 0, 0, 1]
151.069	Em	4	0	[0, 0, 0, 0, 1, 0, 0, 1, 0, 0, 0, 1]
151.139	Em	4	0	[0, 0, 0, 0, 1, 0, 0, 1, 0, 0, 0, 1]
151.371	C	0	1	[1, 0, 0, 0, 1, 0, 0, 1, 0, 0, 0, 0]
151.510	F	5	1	[1, 0, 0, 0, 0, 1, 0, 0, 0, 1, 0, 0]
152.276	F	5	1	[1, 0, 0, 0, 0, 1, 0, 0, 0, 1, 0, 0]
152.323	Dm	2	0	[0, 0, 1, 0, 0, 1, 0, 0, 0, 1, 0, 0]
152.485	Dm	2	0	[0, 0, 1, 0, 0, 1, 0, 0, 0, 1, 0, 0]
152.694	Dm	2	0	[0, 0, 1, 0, 0, 1, 0, 0, 0, 1, 0, 0]
152.950	Bm	11	0	[0, 0, 1, 0, 0, 0, 1, 0, 0, 0, 0, 1]
153.159	D	2	1	[0, 0, 1, 0, 0, 0, 1, 0, 0, 1, 0, 0]
153.228	Dm	2	0	[0, 0, 1, 0, 0, 1, 0, 0, 0, 1, 0, 0]
153.414	Dm	2	0	[0, 0, 1, 0, 0, 1, 0, 0, 0, 1, 0, 0]
153.484	Dm	2	0	[0, 0, 1, 0, 0, 1, 0, 0, 0, 1, 0, 0]
153.577	Dm	2	0	[0, 0, 1, 0, 0, 1, 0, 0, 0, 1, 0, 0]
153.809	Am	9	0	[1, 0, 0, 0, 1, 0, 0, 0, 0, 1, 0, 0]
154.018	F	5	1	[1, 0, 0, 0, 0, 1, 0, 0, 0, 1, 0, 0]
154.041	E	4	1	[0, 0, 0, 0, 1, 0, 0, 0, 1, 0, 0, 1]
154.297	Am	9	0	[1, 0, 0, 0, 1, 0, 0, 0, 0, 1, 0, 0]
154.389	E	4	1	[0, 0, 0, 0, 1, 0, 0, 0, 1, 0, 0, 1]
154.645	E	4	1	[0, 0, 0, 0, 1, 0, 0, 0, 1, 0, 0, 1]
154.924	F	5	1	[1, 0, 0, 0, 0, 1, 0, 0, 0, 1, 0, 0]
154.970	C	0	1	[1, 0, 0, 0, 1, 0, 0, 1, 0, 0, 0, 0]
155.713	Dm	2	0	[0, 0, 1, 0, 0, 1, 0, 0, 0, 1, 0, 0]
155.945	Bb	10	1	[0, 0, 1, 0, 0, 1, 0, 0, 0, 0, 1, 0]
156.015	A	9	1	[0, 1, 0, 0, 1, 0, 0, 0, 0, 1, 0, 0]
156.340	Dm	2	0	[0, 0, 1, 0, 0, 1, 0, 0, 0, 1, 0, 0]
156.526	F	5	1	[1, 0, 0, 0, 0, 1, 0, 0, 0, 1, 0, 0]
156.688	D	2	1	[0, 0, 1, 0, 0, 0, 1, 0, 0, 1, 0, 0]
156.804	Dm	2	0	[0, 0, 1, 0, 0, 1, 0, 0, 0, 1, 0, 0]
156.920	Dm	2	0	[0, 0, 1, 0, 0, 1, 0, 0, 0, 1, 0, 0]
156.967	Dm	2	0	[0, 0, 1, 0, 0, 1, 0, 0, 0, 1, 0, 0]
157.060	Dm	2	0	[0, 0, 1, 0, 0, 1, 0, 0, 0, 1, 0, 0]
157.362	Dm	2	0	[0, 0, 1, 0, 0, 1, 0, 0, 0, 1, 0, 0]
157.455	B	11	1	[0, 0, 0, 1, 0, 0, 1, 0, 0, 0, 0, 1]
157.571	Dm	2	0	[0, 0, 1, 0, 0, 1, 0, 0, 0, 1, 0, 0]
157.733	Am	9	0	[1, 0, 0, 0, 1, 0, 0, 0, 0, 1, 0, 0]
157.872	Em	4	0	[0, 0, 0, 0, 1, 0, 0, 1, 0, 0, 0, 1]
158.012	E	4	1	[0, 0, 0, 0, 1, 0, 0, 0, 1, 0, 0, 1]
158.198	E	4	1	[0, 0, 0, 0, 1, 0, 0, 0, 1, 0, 0, 1]
158.430	F	5	1	[1, 0, 0, 0, 0, 1, 0, 0, 0, 1, 0, 0]
158.453	F	5	1	[1, 0, 0, 0, 0, 1, 0, 0, 0, 1, 0, 0]
158.662	F	5	1	[1, 0, 0, 0, 0, 1, 0, 0, 0, 1, 0, 0]
158.801	Am	9	0	[1, 0, 0, 0, 1, 0, 0, 0, 0, 1, 0, 0]
158.941	C	0	1	[1, 0, 0, 0, 1, 0, 0, 1, 0, 0, 0, 0]
159.080	F	5	1	[1, 0, 0, 0, 0, 1, 0, 0, 0, 1, 0, 0]
159.382	Gm	7	0	[0, 0, 1, 0, 0, 0, 0, 1, 0, 0, 1, 0]
159.568	Gm	7	0	[0, 0, 1, 0, 0, 0, 0, 1, 0, 0, 1, 0]
159.753	Cm	0	0	[1, 0, 0, 1, 0, 0, 0, 1, 0, 0, 0, 0]
159.869	Cm	0	0	[1, 0, 0, 1, 0, 0, 0, 1, 0, 0, 0, 0]
160.241	Bb	10	1	[0, 0, 1, 0, 0, 1, 0, 0, 0, 0, 1, 0]
160.311	Cm	0	0	[1, 0, 0, 1, 0, 0, 0, 1, 0, 0, 0, 0]
160.427	Ebm	3	0	[0, 0, 0, 1, 0, 0, 1, 0, 0, 0, 1, 0]
160.543	Eb	3	1	[0, 0, 0, 1, 0, 0, 0, 1, 0, 0, 1, 0]
160.821	Gm	7	0	[0, 0, 1, 0, 0, 0, 0, 1, 0, 0, 1, 0]
160.961	Gm	7	0	[0, 0, 1, 0, 0, 0, 0, 1, 0, 0, 1, 0]
161.054	Gm	7	0	[0, 0, 1, 0, 0, 0, 0, 1, 0, 0, 1, 0]
161.123	Eb	3	1	[0, 0, 0, 1, 0, 0, 0, 1, 0, 0, 1, 0]
161.263	Eb	3	1	[0, 0, 0, 1, 0, 0, 0, 1, 0, 0, 1, 0]
161.564	Bb	10	1	[0, 0, 1, 0, 0, 1, 0, 0, 0, 0, 1, 0]
161.634	Eb	3	1	[0, 0, 0, 1, 0, 0, 0, 1, 0, 0, 1, 0]
162.238	Gm	7	0	[0, 0, 1, 0, 0, 0, 0, 1, 0, 0, 1, 0]
162.424	Eb	3	1	[0, 0, 0, 1, 0, 0, 0, 1, 0, 0, 1, 0]
162.563	Eb	3	1	[0, 0, 0, 1, 0, 0, 0, 1, 0, 0, 1, 0]
162.772	Eb	3	1	[0, 0, 0, 1, 0, 0, 0, 1, 0, 0, 1, 0]
162.958	F	5	1	[1, 0, 0, 0, 0, 1, 0, 0, 0, 1, 0, 0]
163.004	Cm	0	0	[1, 0, 0, 1, 0, 0, 0, 1, 0, 0, 0, 0]
163.120	Eb	3	1	[0, 0, 0, 1, 0, 0, 0, 1, 0, 0, 1, 0]
163.376	Cm	0	0	[1, 0, 0, 1, 0, 0, 0, 1, 0, 0, 0, 0]
163.492	Eb	3	1	[0, 0, 0, 1, 0, 0, 0, 1, 0, 0, 1, 0]
163.631	Eb	3	1	[0, 0, 0, 1, 0, 0, 0, 1, 0, 0, 1, 0]
163.840	Gm	7	0	[0, 0, 1, 0, 0, 0, 0, 1, 0, 0, 1, 0]
163.910	Eb	3	1	[0, 0, 0, 1, 0, 0, 0, 1, 0, 0, 1, 0]
164.165	Eb	3	1	[0, 0, 0, 1, 0, 0, 0, 1, 0, 0, 1, 0]
164.467	Gm	7	0	[0, 0, 1, 0, 0, 0, 0, 1, 0, 0, 1, 0]
164.560	Eb	3	1	[0, 0, 0, 1, 0, 0, 0, 1, 0, 0, 1, 0]
164.699	Gm	7	0	[0, 0, 1, 0, 0, 0, 0, 1, 0, 0, 1, 0]
164.769	Gm	7	0	[0, 0, 1, 0, 0, 0, 0, 1, 0, 0, 1, 0]
164.838	Cm	0	0	[1, 0, 0, 1, 0, 0, 0, 1, 0, 0, 0, 0]
165.071	Eb	3	1	[0, 0, 0, 1, 0, 0, 0, 1, 0, 0, 1, 0]
165.373	Cm	0	0	[1, 0, 0, 1, 0, 0, 0, 1, 0, 0, 0, 0]
165.489	Cm	0	0	[1, 0, 0, 1, 0, 0, 0, 1, 0, 0, 0, 0]
165.721	B	11	1	[0, 0, 0, 1, 0, 0, 1, 0, 0, 0, 0, 1]
165.837	Eb	3	1	[0, 0, 0, 1, 0, 0, 0, 1, 0, 0, 1, 0]
165.976	Eb	3	1	[0, 0, 0, 1, 0, 0, 0, 1, 0, 0, 1, 0]
166.650	Fm	5	0	[1, 0, 0, 0, 0, 1, 0, 0, 1, 0, 0, 0]
